{
    "$schema": "https://schema.management.azure.com/schemas/2015-01-01/deploymentParameters.json#",
    "contentVersion": "1.0.0.0",
    "parameters": {
        "sites_functionteam1_name": {
            "value": null
        },
        "sites_functionappAQI_name": {
            "value": null
        },
        "serverfarms_ASP_Team1_992d_name": {
            "value": null
        },
        "serverfarms_ASP_Team1_b84e_name": {
            "value": null
        },
        "namespaces_eventhubteam1_name": {
            "value": null
        },
        "workspaces_Team1Workspace_name": {
            "value": null
        },
        "namespaces_eventhubteam1AQI_name": {
            "value": null
        },
        "streamingjobs_streamteam1_name": {
            "value": null
        },
        "storageAccounts_team1storageaccountv1_name": {
            "value": null
        }
    }
}